Company Name,Glassdoor URL,
DIXIE GROUP INC,https://www.glassdoor.com/Overview/Working-at-Dixie-Group-EI_IE1341.11,22.htm
WESTERN FOREST PRODUCTS INC,https://www.glassdoor.com/Overview/Working-at-Western-Forest-Products-EI_IE8730.11,34.htm
DOMINION ENERGY INC,https://www.glassdoor.com/Overview/Working-at-Dominion-Energy-EI_IE204.11,26.htm
DONNELLEY (R R) & SONS CO,https://www.glassdoor.com/Overview/Working-at-R-R-Donnelley-EI_IE554.11,24.htm
DORCHESTER MINERALS  -LP,https://www.glassdoor.com/Overview/Working-at-Dorchester-Minerals-EI_IE1344.11,30.htm
CONSTAR INTERNATIONAL INC,https://www.glassdoor.com/Overview/Working-at-Constar-International-EI_IE15025.11,32.htm
DOVER INDUSTRIES LTD,https://www.glassdoor.com/Overview/Working-at-Dover-Industries-Limited-EI_IE19630.11,35.htm
LASERCARD CORP,https://www.glassdoor.com/Overview/Working-at-LaserCard-EI_IE1347.11,20.htm
DU PONT (E I) DE NEMOURS,https://www.glassdoor.com/Overview/Working-at-DuPont-EI_IE215.11,17.htm
DUKE ENERGY CORP,https://www.glassdoor.com/Overview/Working-at-Duke-Energy-EI_IE211.11,22.htm
FLOWSERVE CORP,https://www.glassdoor.com/Overview/Working-at-Flowserve-EI_IE1350.11,20.htm
DYCOM INDUSTRIES INC,https://www.glassdoor.com/Overview/Working-at-Dycom-EI_IE1351.11,16.htm
DYNATRONICS CORP,https://www.glassdoor.com/Overview/Working-at-Dynatronics-EI_IE4853.11,22.htm
COBRA ELECTRONICS CORP,https://www.glassdoor.com/Overview/Working-at-Cobra-Electronics-EI_IE1353.11,28.htm
DYNASIL CORP OF AMERICA,https://www.glassdoor.com/Overview/Working-at-Dynasil-EI_IE21651.11,18.htm
PERKINELMER INC,https://www.glassdoor.com/Overview/Working-at-PerkinElmer-EI_IE218.11,22.htm
E-Z-EM INC,https://www.glassdoor.com/Overview/Working-at-Ez-Vida-Solu%C3%A7%C3%B5es-em-Sa%C3%BAde-EI_IE2851433.11,36.htm
EASTGROUP PROPERTIES,https://www.glassdoor.com/Overview/Working-at-EastGroup-Properties-EI_IE849.11,31.htm
EASTMAN KODAK CO,https://www.glassdoor.com/Overview/Working-at-Eastman-Kodak-EI_IE220.11,24.htm
EATON VANCE CORP,https://www.glassdoor.com/Overview/Working-at-Eaton-Vance-EI_IE3553.11,22.htm
EDUCATIONAL DEVELOPMENT CORP,https://www.glassdoor.com/Overview/Working-at-Educational-Development-EI_IE3647.11,34.htm
EL PASO ELECTRIC CO,https://www.glassdoor.com/Overview/Working-at-El-Paso-Electric-EI_IE1363.11,27.htm
ELAN CORP PLC,https://www.glassdoor.com/Overview/Working-at-Elan-Pharmaceuticals-EI_IE38583.11,31.htm
ELECTRO RENT CORP,https://www.glassdoor.com/Overview/Working-at-Electro-Rent-EI_IE1364.11,23.htm
ELECTRO-SENSORS INC,https://www.glassdoor.com/Overview/Working-at-Electro-Sensors-EI_IE1366.11,26.htm
ELECTROHOME LTD  -CL Y,https://www.glassdoor.com/Overview/Working-at-Electrohome-EI_IE23691.11,22.htm
EMERSON RADIO CORP,https://www.glassdoor.com/Overview/Working-at-Emerson-Radio-EI_IE4219.11,24.htm
EMPIRE DISTRICT ELECTRIC CO,https://www.glassdoor.com/Overview/Working-at-Empire-District-Electric-EI_IE226.11,35.htm
EMULEX CORP,https://www.glassdoor.com/Overview/Working-at-Emulex-EI_IE1371.11,17.htm
SORL AUTO PARTS INC,https://www.glassdoor.com/Overview/Working-at-SORL-EI_IE40926.11,15.htm
ATMOS ENERGY CORP,https://www.glassdoor.com/Overview/Working-at-Atmos-Energy-EI_IE63.11,23.htm
ENZON PHARMACEUTICALS INC,https://www.glassdoor.com/Overview/Working-at-Enzon-EI_IE1359.11,16.htm
VISKASE COMPANIES INC,https://www.glassdoor.com/Overview/Working-at-Viskase-EI_IE3166.11,18.htm
ENVIRONMENTAL TECTONICS CORP,https://www.glassdoor.com/Overview/Working-at-Environmental-Tectonics-EI_IE1372.11,34.htm
ENZO BIOCHEM INC,https://www.glassdoor.com/Overview/Working-at-Enzo-Biochem-EI_IE854.11,23.htm
EQUIFAX INC,https://www.glassdoor.com/Overview/Working-at-Equifax-EI_IE232.11,18.htm
EQT CORP,https://www.glassdoor.com/Overview/Working-at-EQT-Corporation-EI_IE233.11,26.htm
ESPEY MFG & ELECTRONICS CORP,https://www.glassdoor.com/Overview/Working-at-Espey-Mfg-EI_IE855.11,20.htm