Company Name,Glassdoor URL
AUTODESK INC,https://www.glassdoor.com/Reviews/atlanta-autodesk-inc-reviews-SRCH_IL.0,7_IM52_KE8,20.htm
DIALYSIS CORP OF AMERICA,https://www.glassdoor.com/Reviews/atlanta-dialysis-corp-of-america-reviews-SRCH_IL.0,7_IM52_KE8,32.htm
AUTOMATIC DATA PROCESSING,https://www.glassdoor.com/Reviews/atlanta-automatic-data-processing-reviews-SRCH_IL.0,7_IM52_KE8,33.htm
DELSITE INC,https://www.glassdoor.com/Reviews/atlanta-delsite-inc-reviews-SRCH_IL.0,7_IM52_KE8,19.htm
A V HOMES INC,https://www.glassdoor.com/Reviews/atlanta-av-homes-inc-reviews-SRCH_IL.0,7_IM52_KE8,20.htm
AVERY DENNISON CORP,https://www.glassdoor.com/Reviews/atlanta-avery-dennison-corp-reviews-SRCH_IL.0,7_IM52_KE8,27.htm
AVNET INC,https://www.glassdoor.com/Reviews/atlanta-avnet-inc-reviews-SRCH_IL.0,7_IM52_KE8,17.htm
AVON PRODUCTS,https://www.glassdoor.com/Reviews/atlanta-avon-products-reviews-SRCH_IL.0,7_IM52_KE8,21.htm
AZZ INC,https://www.glassdoor.com/Reviews/atlanta-azz-inc-reviews-SRCH_IL.0,7_IM52_KE8,15.htm
BSD MEDICAL CORP,https://www.glassdoor.com/Reviews/atlanta-bsd-medical-corp-reviews-SRCH_IL.0,7_IM52_KE8,24.htm
BADGER METER INC,https://www.glassdoor.com/Reviews/atlanta-badger-meter-inc-reviews-SRCH_IL.0,7_IM52_KE8,24.htm
BAKER (MICHAEL) CORP,https://www.glassdoor.com/Reviews/atlanta-baker-michael-corp-reviews-SRCH_IL.0,7_IM52_KE8,26.htm
BAKER HUGHES INC,https://www.glassdoor.com/Reviews/atlanta-baker-hughes-inc-reviews-SRCH_IL.0,7_IM52_KE8,24.htm
BALDOR ELECTRIC CO,https://www.glassdoor.com/Reviews/atlanta-baldor-electric-co-reviews-SRCH_IL.0,7_IM52_KE8,26.htm
PROTECTIVE INSURANCE CORP,https://www.glassdoor.com/Reviews/atlanta-protective-insurance-corp-reviews-SRCH_IL.0,7_IM52_KE8,33.htm
BALL CORP,https://www.glassdoor.com/Reviews/atlanta-ball-corp-reviews-SRCH_IL.0,7_IM52_KE8,17.htm
POPULAR INC,https://www.glassdoor.com/Reviews/atlanta-popular-inc-reviews-SRCH_IL.0,7_IM52_KE8,19.htm
BANK OF HAWAII CORP,https://www.glassdoor.com/Reviews/atlanta-bank-of-hawaii-corp-reviews-SRCH_IL.0,7_IM52_KE8,27.htm
BANGOR HYDRO-ELECTRIC CO,https://www.glassdoor.com/Reviews/atlanta-bangor-hydro-electric-co-reviews-SRCH_IL.0,7_IM52_KE8,32.htm
BANK OF NEW YORK MELLON CORP,https://www.glassdoor.com/Reviews/atlanta-bank-of-new-york-mellon-corp-reviews-SRCH_IL.0,7_IM52_KE8,36.htm
BRE PROPERTIES INC,https://www.glassdoor.com/Reviews/atlanta-bre-properties-inc-reviews-SRCH_IL.0,7_IM52_KE8,26.htm
BARNES GROUP INC,https://www.glassdoor.com/Reviews/atlanta-barnes-group-inc-reviews-SRCH_IL.0,7_IM52_KE8,24.htm
BARNWELL INDUSTRIES,https://www.glassdoor.com/Reviews/atlanta-barnwell-industries-reviews-SRCH_IL.0,7_IM52_KE8,27.htm
BARRICK GOLD CORP,https://www.glassdoor.com/Reviews/atlanta-barrick-gold-corp-reviews-SRCH_IL.0,7_IM52_KE8,25.htm
BARRY (R G) CORP,https://www.glassdoor.com/Reviews/atlanta-barry-rg-corp-reviews-SRCH_IL.0,7_IM52_KE8,21.htm
BAXTER INTERNATIONAL INC,https://www.glassdoor.com/Reviews/atlanta-baxter-international-inc-reviews-SRCH_IL.0,7_IM52_KE8,32.htm
BEARD CO,https://www.glassdoor.com/Reviews/atlanta-beard-co-reviews-SRCH_IL.0,7_IM52_KE8,16.htm
BECTON DICKINSON & CO,https://www.glassdoor.com/Reviews/atlanta-becton-dickinson-co-reviews-SRCH_IL.0,7_IM52_KE8,27.htm
NITCHES INC,https://www.glassdoor.com/Reviews/atlanta-nitches-inc-reviews-SRCH_IL.0,7_IM52_KE8,19.htm
BEL FUSE INC,https://www.glassdoor.com/Reviews/atlanta-bel-fuse-inc-reviews-SRCH_IL.0,7_IM52_KE8,20.htm
BELDEN & BLAKE CORP,https://www.glassdoor.com/Reviews/atlanta-belden-blake-corp-reviews-SRCH_IL.0,7_IM52_KE8,25.htm
VERIZON COMMUNICATIONS INC,https://www.glassdoor.com/Overview/Working-at-Verizon-EI_IE89.11,18.htm
BCE INC,https://www.glassdoor.com/Reviews/atlanta-bce-inc-reviews-SRCH_IL.0,7_IM52_KE8,15.htm
BELL INDUSTRIES INC,https://www.glassdoor.com/Reviews/atlanta-bell-industries-inc-reviews-SRCH_IL.0,7_IM52_KE8,27.htm
BEMIS CO INC,https://www.glassdoor.com/Reviews/atlanta-bemis-co-inc-reviews-SRCH_IL.0,7_IM52_KE8,20.htm
BENIHANA INC,https://www.glassdoor.com/Reviews/atlanta-benihana-inc-reviews-SRCH_IL.0,7_IM52_KE8,20.htm
BERKSHIRE HATHAWAY,https://www.glassdoor.com/Reviews/atlanta-berkshire-hathaway-reviews-SRCH_IL.0,7_IM52_KE8,26.htm
BEST BUY CO INC,https://www.glassdoor.com/Reviews/atlanta-best-buy-co-inc-reviews-SRCH_IL.0,7_IM52_KE8,23.htm
BIO-RAD LABORATORIES INC,https://www.glassdoor.com/Overview/Working-at-Bio-Rad-Laboratories-EI_IE789.11,31.htm
SAVIENT PHARMACEUTICALS INC,https://www.glassdoor.com/Reviews/atlanta-savient-pharmaceuticals-inc-reviews-SRCH_IL.0,7_IM52_KE8,35.htm
BIOMET INC,https://www.glassdoor.com/Reviews/atlanta-biomet-inc-reviews-SRCH_IL.0,7_IM52_KE8,18.htm
BIOTEL INC,https://www.glassdoor.com/Reviews/atlanta-biotel-inc-reviews-SRCH_IL.0,7_IM52_KE8,18.htm
NON INVASIVE MONITOR,https://www.glassdoor.com/Reviews/atlanta-non-invasive-monitor-reviews-SRCH_IL.0,7_IM52_KE8,28.htm
MICROFLUIDICS INTL CORP,https://www.glassdoor.com/Reviews/atlanta-microfluidics-intl-corp-reviews-SRCH_IL.0,7_IM52_KE8,31.htm
BLACK & DECKER CORP,https://www.glassdoor.com/Reviews/atlanta-black-decker-corp-reviews-SRCH_IL.0,7_IM52_KE8,25.htm
BLACK HILLS CORP,https://www.glassdoor.com/Reviews/atlanta-black-hills-corp-reviews-SRCH_IL.0,7_IM52_KE8,24.htm
LEXINGTON PRECISION CORP,https://www.glassdoor.com/Reviews/atlanta-lexington-precision-corp-reviews-SRCH_IL.0,7_IM52_KE8,32.htm
BLOCK H & R INC,https://www.glassdoor.com/Overview/Working-at-H-and-R-Block-EI_IE303.11,24.htm
VALARIS PLC,https://www.glassdoor.com/Reviews/atlanta-valaris-plc-reviews-SRCH_IL.0,7_IM52_KE8,19.htm
BLOUNT INTL INC,https://www.glassdoor.com/Reviews/atlanta-blount-intl-inc-reviews-SRCH_IL.0,7_IM52_KE8,23.htm
BOB EVANS FARMS,https://www.glassdoor.com/Reviews/atlanta-bob-evans-farms-reviews-SRCH_IL.0,7_IM52_KE8,23.htm
BOEING CO,https://www.glassdoor.com/Reviews/atlanta-boeing-co-reviews-SRCH_IL.0,7_IM52_KE8,17.htm
OFFICEMAX INC,https://www.glassdoor.com/Reviews/atlanta-officemax-inc-reviews-SRCH_IL.0,7_IM52_KE8,21.htm
BOLT TECHNOLOGY CORP,https://www.glassdoor.com/Reviews/atlanta-bolt-technology-corp-reviews-SRCH_IL.0,7_IM52_KE8,28.htm
CARDIODYNAMICS INTL CORP,https://www.glassdoor.com/Reviews/atlanta-cardiodynamics-intl-corp-reviews-SRCH_IL.0,7_IM52_KE8,32.htm
ROBERT HALF INTL INC,https://www.glassdoor.com/Reviews/atlanta-robert-half-intl-inc-reviews-SRCH_IL.0,7_IM52_KE8,28.htm
HEXION INC,https://www.glassdoor.com/Reviews/atlanta-hexion-inc-reviews-SRCH_IL.0,7_IM52_KE8,18.htm
NSTAR,https://www.glassdoor.com/Reviews/atlanta-nstar-reviews-SRCH_IL.0,7_IM52_KE8,13.htm
RESOLUTE FOREST PRODUCTS INC,https://www.glassdoor.com/Reviews/atlanta-resolute-forest-products-inc-reviews-SRCH_IL.0,7_IM52_KE8,36.htm
REXAM PLC,https://www.glassdoor.com/Reviews/atlanta-rexam-plc-reviews-SRCH_IL.0,7_IM52_KE8,17.htm
BOWNE & CO INC,https://www.glassdoor.com/Reviews/atlanta-bowne-co-inc-reviews-SRCH_IL.0,7_IM52_KE8,20.htm
BRADY CORP,https://www.glassdoor.com/Reviews/atlanta-brady-corp-reviews-SRCH_IL.0,7_IM52_KE8,18.htm
BROOKFIELD ASSET MANAGEMENT,https://www.glassdoor.com/Reviews/atlanta-brookfield-asset-management-reviews-SRCH_IL.0,7_IM52_KE8,35.htm
BRESLER & REINER INC,https://www.glassdoor.com/Reviews/atlanta-bresler-reiner-inc-reviews-SRCH_IL.0,7_IM52_KE8,26.htm
BRIDGFORD FOODS CORP,https://www.glassdoor.com/Reviews/atlanta-bridgford-foods-corp-reviews-SRCH_IL.0,7_IM52_KE8,28.htm
BRIGGS & STRATTON,https://www.glassdoor.com/Reviews/atlanta-briggs-stratton-reviews-SRCH_IL.0,7_IM52_KE8,23.htm
BRISTOL-MYERS SQUIBB CO,https://www.glassdoor.com/Reviews/atlanta-bristol-myers-squibb-co-reviews-SRCH_IL.0,7_IM52_KE8,31.htm
CATALYST PAPER CORP,https://www.glassdoor.com/Reviews/atlanta-catalyst-paper-corp-reviews-SRCH_IL.0,7_IM52_KE8,27.htm
TELUS CORP,https://www.glassdoor.com/Reviews/atlanta-telus-corp-reviews-SRCH_IL.0,7_IM52_KE8,18.htm
BP PLC,https://www.glassdoor.com/Reviews/atlanta-bp-plc-reviews-SRCH_IL.0,7_IM52_KE8,14.htm
BT GROUP PLC,https://www.glassdoor.com/Reviews/atlanta-bt-group-plc-reviews-SRCH_IL.0,7_IM52_KE8,20.htm
BROWN FORMAN CORP,https://www.glassdoor.com/Reviews/atlanta-brown-forman-corp-reviews-SRCH_IL.0,7_IM52_KE8,25.htm
